<p><strong>What I have:</strong> </p>  <p>1.I have two DB tables <code>display</code> and <code>bid</code>  as listed below:  </p>  <pre><code>mysql&gt; select * from display where gp_no = 1;  +-------+--------------+-----------+--------------------+---------------+-----------+----------------+ | gp_no | no_of_member | amount    | current_instalment | starting_date | member_no | member_name    | +-------+--------------+-----------+--------------------+---------------+-----------+----------------+ |     1 |           15 | 375000.00 |                  2 | 2015-05-01    |         1 | Akansha Gupta  | |     1 |           15 | 375000.00 |                  2 | 2015-05-01    |         2 | Akash Bansal   | |     1 |           15 | 375000.00 |                  2 | 2015-05-01    |         3 | Ashish Gupta   | |     1 |           15 | 375000.00 |                  2 | 2015-05-01    |         4 | Chavi Jain     | |     1 |           15 | 375000.00 |                  2 | 2015-05-01    |         5 | Dhruv Goel     | |     1 |           15 | 375000.00 |                  2 | 2015-05-01    |         6 | Mukul Gupta    | |     1 |           15 | 375000.00 |                  2 | 2015-05-01    |         7 | Nancy Aggarwal | |     1 |           15 | 375000.00 |                  2 | 2015-05-01    |         9 | Prateek Jain   | |     1 |           15 | 375000.00 |                  2 | 2015-05-01    |        11 | Rajender Gupta | |     1 |           15 | 375000.00 |                  2 | 2015-05-01    |        12 | S K Goel       | |     1 |           15 | 375000.00 |                  2 | 2015-05-01    |        13 | Sadhna Goel    | |     1 |           15 | 375000.00 |                  2 | 2015-05-01    |        15 | Sandeep Jain   | |     1 |           15 | 375000.00 |                  2 | 2015-05-01    |        16 | Sunil Jain     | |     1 |           15 | 375000.00 |                  2 | 2015-05-01    |        17 | Sunil Sharma   | |     1 |           15 | 375000.00 |                  2 | 2015-05-01    |        19 | Sunita Gupta   | +-------+--------------+-----------+--------------------+---------------+-----------+----------------+ 15 rows in set (0.00 sec)  mysql&gt; select date , member_no from bid where gp_no = 1 order by member_no asc; +------------+-----------+ | date       | member_no | +------------+-----------+ | 2015-06-01 |         7 | | 2015-05-01 |        16 | +------------+-----------+ 2 rows in set (0.00 sec) </code></pre>  <p><strong>What I want :</strong> </p>  <ol> <li>I want to compare the <code>member_no</code> from both the tables and where I get a match It should display date from table <code>bid</code> else it should display <strong>Not Withdraw</strong>. With the code I'm using , I'm able to display only first date i.e., only first match . I probably knows that its because of the mismatch in the no. of rows of both the tables.</li> </ol>  <p><a href="http://i.stack.imgur.com/bRimk.png" rel="nofollow"><img src="http://i.stack.imgur.com/bRimk.png" alt="This is what I&#39;m getting"></a></p>  <p>But it should also display the date in front of the <code>member_no = 16</code>. </p>  <p><strong>PHP Code</strong></p>  <pre><code>$sql = "select * from display where gp_no = '$gp_no' "; $result = mysqli_query($conn, $sql);  $s_no = 1 ;  if (mysqli_num_rows($result) &gt; 0) {    $s = " select date,member_no  from bid where gp_no = '$gp_no ' order by member_no asc";   $r = mysqli_query($conn, $s);  if (mysqli_num_rows($r) &gt; 0)   {     ?&gt; &lt;h1&gt;Welcome !!! Details of GROUP NO : &lt;?php echo $gp_no ;  ?&gt;&lt;/h1&gt;       &lt;table  align = center ; style="width:50%"&gt;      &lt;tr&gt;&lt;th&gt;&lt;?php echo " Group Number ";?&gt; &lt;/th&gt;&lt;td&gt;&lt;?php echo $gp_no ; ?&gt;&lt;/td&gt;&lt;/tr&gt;      &lt;tr&gt;&lt;th&gt;&lt;?php echo " Number of Members ";?&gt; &lt;/th&gt;&lt;td&gt;&lt;?php echo $no_of_member ; ?&gt;&lt;/td&gt;&lt;/tr&gt;      &lt;tr&gt;&lt;th&gt;&lt;?php echo " Amount ";?&gt; &lt;/th&gt;&lt;td&gt;&lt;?php echo $amount ; ?&gt;&lt;/td&gt;&lt;/tr&gt;      &lt;tr&gt;&lt;th&gt;&lt;?php echo " Starting Date ";?&gt; &lt;/th&gt;&lt;td&gt;&lt;?php echo $starting_date ; ?&gt;&lt;/td&gt;&lt;/tr&gt;      &lt;tr&gt;&lt;th&gt;&lt;?php echo " Current Instalment ";?&gt; &lt;/th&gt;&lt;td&gt;&lt;?php echo $current_instalment ; ?&gt;&lt;/td&gt;&lt;/tr&gt;      &lt;/table&gt;      &lt;table  align = center ; style="width:50%" id = " display"&gt;     &lt;tr&gt;&lt;th&gt;&lt;?php echo "  Sr. Number ";  ?&gt; &lt;/th&gt;&lt;th&gt;&lt;?php echo "  Member Number ";  ?&gt; &lt;/th&gt;&lt;th&gt;&lt;?php echo "  Member Name ";  ?&gt; &lt;/th&gt;&lt;th&gt;&lt;?php echo "  Bid Withdraw ";  ?&gt; &lt;/th&gt;&lt;/tr&gt;    &lt;?php    /*$row_count = mysqli_num_rows($result);    $row1_count = mysqli_num_rows($r);    $remaining_rows = max($row_count, $row1_count);    while($remaining_rows-- &gt; 0) {     $row = mysqli_fetch_assoc($result);     $row1 = mysqli_fetch_assoc($r); */      while($row1 = mysqli_fetch_assoc($r))      {          while($row = mysqli_fetch_assoc($result))     {          ?&gt;      &lt;tr&gt;         &lt;td&gt;&lt;?php echo $s_no ; ?&gt;&lt;/td&gt;          &lt;td&gt;&lt;?php echo $row["member_no"] ; ?&gt;&lt;/td&gt;          &lt;td&gt;&lt;?php echo $row["member_name"] ; ?&gt;&lt;/td&gt;     &lt;?php      if($row["member_no"] === $row1["member_no"])     {     ?&gt;        &lt;td&gt;&lt;?php echo $row1["date"] ; ?&gt;&lt;/td&gt;     &lt;?php       }     else      { ?&gt;         &lt;td&gt;&lt;?php echo " Not withdrawn "; ?&gt;&lt;/td&gt;         &lt;?php } ?&gt;     &lt;/tr&gt;    &lt;?php        $s_no = $s_no + 1;         }         }          ?&gt;   &lt;/table&gt;         &lt;?php          }             }      else     {     ?&gt; &lt;h1&gt;  Members not associated yet. &lt;/h1&gt; &lt;?php     }    }   mysqli_close($conn);  ?&gt; </code></pre>